4998,https://www.lexingtonlaw.com/,803
12787,https://www.linkedin.com/in/ericfeng,999
18250,https://www.linkedin.com/company/devolutions-inc-/,999
21833,https://www.linkedin.com/in/marcombat,999
21836,https://nl.linkedin.com/in/lorenzobraun,999
22017,https://www.linkedin.com/in/nicholas-jack-marino-02360a10a,999
22132,https://www.linkedin.com/company/qimiq-handels-gmbh/,999
22178,https://www.linkedin.com/in/ryan-clark-causmo-effect,999
22388,https://www.linkedin.com/in/tjmarkham,999
25204,http://www.linkedin.com/in/david-johnson-69a2972,999
25342,http://www.linkedin.com/company/amalea,999
25473,https://www.linkedin.com/company/clinical-research-malaysia,999
25748,https://www.linkedin.com/company/harvard-business-review-polska,999
25882,https://www.linkedin.com/company/carpenters-design-group/,999
28272,https://www.linkedin.com/in/chrisaperry/,999
33670,https://www.credit.com/,803
35288,http://www.linkedin.com/in/jeannettepaladino,999
39081,https://frootvpn.com,999
40477,https://www.linkedin.com/in/philipnowak/,999
52600,http://www.linkedin.com/in/toddleiser,999
48233,https://www.linkedin.com/in/vincentwright/,999
64216,http://www.linkedin.com/in/marcelp,999
55651,http://Linkedin.com/pub/behtaj-amiri/14/17b/997,999
57575,https://www.linkedin.com/in/colingreig/,999
59707,https://chenall.sinaapp.com,600
61536,https://www.linkedin.com/in/edtwodth,999
59877,https://www.linkedin.com/in/syldeleon/,999
61781,https://www.linkedin.com/in/amaurichampeaux/,999
64067,https://www.linkedin.com/in/andrescarceller/,999
88090,https://www.linkedin.com/company/cloud-cloth-education/,999
71908,https://www.linkedin.com/in/amaurichampeaux/,999
74690,https://www.linkedin.com/in/amaurichampeaux/,999
74738,https://www.creditrepair.com/,803
82142,https://www.linkedin.com/in/abhijitparida01/,999
69010,http://www.linkedin.com/in/lonnie-newbury-5a856b64/,999
90373,https://si.linkedin.com/in/dhafnar,999
90384,https://www6g.senado.gov.br/appnotfound,830
94253,https://www.linkedin.com/in/scotteg,999
96520,https://www.linkedin.com/in/steveboschi/,999
95666,https://www.linkedin.com/in/ejkalafarski/,999
96454,https://eingzone.sinaapp.com,600
96460,https://colorfuls.sinaapp.com,600
99840,https://www.linkedin.com/in/ciaranmahoney,999
97765,https://qrocdeservice.applinzi.com,605
98532,https://appapis.sinaapp.com,600
98533,https://mbapps.sinaapp.com,600
98534,https://iberrysoft.sinaapp.com,600
98536,https://timastudiodev.sinaapp.com,600
103622,http://uk.linkedin.com/in/mamarinov,999
103701,https://www.linkedin.com/in/luongbang152/,999
110090,https://www.linkedin.com/in/isword/,999
104798,https://www.linkedin.com/in/denisroldan/,999
106219,http://cz.linkedin.com/in/jakubkinst/,999
105247,https://www.linkedin.com/in/joepperkins,999
106666,https://www.linkedin.com/in/gianluca-benedetti/,999
111329,http://www.linkedin.com/in/fsevilla,999
110400,https://pl.linkedin.com/pub/krzysztof-pintscher/7b/a80/630,999
140173,https://www6g.senado.gov.br/appnotfound,830
129078,https://ee.linkedin.com/in/sanderlepik,999
140043,http://www.linkedin.com/in/facetofacesoftware,999
113762,https://securesuite.net,719
117933,https://www.linkedin.com/in/borayalcin/,999
125611,https://www.linkedin.com/in/johnhenning77/,999
133935,https://www.linkedin.com/in/matteomoro,999
147033,https://fr.linkedin.com/company/nuage-lab,999
149477,https://www.linkedin.com/company/pacificit,999
149505,https://www.linkedin.com/in/troywolf/,999
152558,https://www.linkedin.com/in/jeremyflint/,999
152989,http://www.linkedin.com/in/donalddavanzo,999
153395,https://www.linkedin.com/in/denislam,999
153597,https://www.linkedin.com/in/mwaskowski,999
153315,https://www.linkedin.com/in/ricardoluders,999
153451,https://www.linkedin.com/in/ehnemark/,999
153479,https://www.linkedin.com/in/martynchamberlin,999
153499,https://wamath.sinaapp.com,600
154082,http://uk.linkedin.com/in/garethhodson/en,999
153929,http://www.linkedin.com/in/dt2point0,999
154009,https://www.linkedin.com/in/csull,999
156041,https://www.if.com/,999
154065,https://www.linkedin.com/in/ferranfigueredo,999
154257,https://wpextends.sinaapp.com,600
154643,https://www.linkedin.com/in/leejmurphy,999
160156,https://www.victoriassecret.co.uk,910
167915,https://www.linkedin.com/in/ramsay,999
168076,https://f.nanafiles.co.il,750
169143,https://www.linkedin.com/in/brandon-evans-a9701aa,999
173404,https://www.linkedin.com/in/laurendado,999
169882,https://www.linkedin.com/in/gregbmoore/,999
197180,http://www.linkedin.com/profile/view?id=144154452,999
175058,https://www.linkedin.com/in/marklevineminnesota/,999
191577,https://www.linkedin.com/in/ariskelvyn,999
174627,https://www.linkedin.com/in/alfredopalconit/,999
184670,https://www.linkedin.com/company/ad3/about/,999
188183,http://www.linkedin.com/in/klausgottlieb/,999
188715,https://www.linkedin.com/in/parthtrivedi/,999
196750,https://www.linkedin.com/in/kochas/,999
219030,http://www.linkedin.com/in/ghawi,999
198733,https://www.linkedin.com/in/cdherring/,999
213559,https://www.linkedin.com/in/dougbruce,999
202512,https://www.linkedin.com/in/cendrillon,999
213544,https://de.linkedin.com/in/gruenberger,999
218808,https://www.linkedin.com/in/wanderlima/,999
225404,https://www.linkedin.com/in/michellenicolosi/,999
219990,https://us.lkbennett.com,760
220203,https://www.linkedin.com/in/swamphouse/,999
221822,https://www.linkedin.com/in/dnnsldr/,999
225106,https://uk.linkedin.com/in/soteriosscholarios,999
236563,http://www.linkedin.com/in/christickner/,999
230746,https://www.linkedin.com/in/sebastiendelorme,999
231550,https://www.linkedin.com/in/ohpauleez,999
233713,http://www.linkedin.com/in/garethwong,999
236004,https://www.linkedin.com/in/abdennour,999
236508,https://www.linkedin.com/in/ftcmnc,999
225927,http://www.linkedin.com/in/coreygeer,999
228325,https://www.linkedin.com/in/tomasstyblo/,999
229668,https://www.linkedin.com/in/baptistedixneuf/,999
229968,https://www.linkedin.com/in/robertharitonov,999
235837,https://www.linkedin.com/in/muhammed-imran-hussain,999
239545,https://www.linkedin.com/in/hirunawijesinghe,999
238876,https://hackinglab.cn,603
238902,https://pingfan1990.sinaapp.com,600
238905,https://ncuey.sinaapp.com,600
238908,https://zoye.sinaapp.com,600
239387,https://diordna.sinaapp.com,600
239404,https://www.linkedin.com/in/max-fehmerling/,999
237836,http://www.linkedin.com/in/timme-van-der-meer-10273375,999
238136,https://www.linkedin.com/in/olouvignes/,999
239288,https://www.linkedin.com/in/lazarstojkovic/,999
242441,https://au.linkedin.com/in/rriegger,999
240393,https://www.linkedin.com/in/fabrizioquercia,999
240893,https://xumingming.sinaapp.com,600
242366,https://www.linkedin.com/in/lukecharde,999
240101,http://www.linkedin.com/in/johncrewe87,999
241269,http://www.linkedin.com/in/frank-petterson-4280524,999
243587,https://www.linkedin.com/in/bahar-sateli/,999
243608,https://www.linkedin.com/in/mbcosta,999
243664,https://www.linkedin.com/in/christophwitzko/,999
243767,https://www.linkedin.com/in/ezraobiwale,999
244235,http://www.linkedin.com/in/raykolbe,999
244196,http://pt.linkedin.com/in/pedrotainha,999
244277,https://getchrome.sinaapp.com,600
244280,https://maplejan.sinaapp.com,600
244289,https://obbs.sinaapp.com,600
245890,https://www.linkedin.com/in/wiktormociun/,999
245626,https://www.linkedin.com/in/reinvanhaaren/,999
246017,https://www.linkedin.com/in/alanfahrner/,999
245410,http://www.linkedin.com/in/thomasbertani,999
245854,https://tswjs.org,666
246491,https://www.linkedin.com/in/kyleraymorgan/,999
246143,https://www.linkedin.com/in/michaeldeboey,999
246171,https://www.linkedin.com/in/paul-makowski/,999
246194,https://www.linkedin.com/in/binhofvieira/,999
247227,https://www.linkedin.com/in/alexpunct/,999
246831,https://narberal.applinzi.com,600
246832,https://wkfmmusic.applinzi.com,600
247602,https://www.linkedin.com/in/dhruv8/index.html,999
247437,https://www.linkedin.com/in/charlesmhudson/,999
249359,https://www.linkedin.com/in/franciscocabrita,999
247829,https://www.linkedin.com/in/felixweis,999
247694,https://www.linkedin.com/in/eddydpyl/,999
249362,https://www.linkedin.com/in/gregfoss/,999
249425,https://www.linkedin.com/in/williamhaydenseitz,999
250944,https://www.linkedin.com/in/jeremyaltman/index.html,999
250974,https://www.linkedin.com/in/johannesmp,999
251588,http://www.linkedin.com/in/peterbfrench,999
251348,https://www.linkedin.com/in/albertmwyau,999
251097,http://www.linkedin.com/in/lauracarvajal,999
251613,https://www.linkedin.com/in/piotr-pi%C4%85tkiewicz-2521507b/,999
252264,http://www.linkedin.com/in/treywhite/,999
251893,http://es.linkedin.com/in/santilaresgoiti,999
251894,https://www.linkedin.com/in/sarahgreisdorf/,999
252190,https://www.linkedin.com/in/michelthibaud,999
252253,https://www.linkedin.com/in/tomrudge,999
251774,https://www.linkedin.com/company/rathath-it,999
251916,http://linkedIn.com/in/seandaken,999
251974,https://liyaodong.sinaapp.com,600
251975,https://amazetpl.sinaapp.com,600
251977,https://buildbot.sinaapp.com,600
251978,https://justwriting.sinaapp.com,600
251980,https://meckodoo.sinaapp.com,600
251981,https://regexr.sinaapp.com,600
251982,https://yaha.sinaapp.com,600
252524,http://www.linkedin.com/in/willykaram,999
252347,https://www.linkedin.com/in/vasyl-marchuk/,999
252889,http://dk.linkedin.com/in/martinstub,999
252957,https://www.linkedin.com/in/adrien-girot-946b73b3,999
252965,http://www.linkedin.com/in/guymahieu,999
252967,https://cz.linkedin.com/in/skomanec,999
253009,https://www.linkedin.com/in/remyabi/,999
252661,http://cz.linkedin.com/in/ondraplsek/,999
253353,http://www.linkedin.com/in/avorio?new,999
253085,https://www.linkedin.com/in/thomas-guiseppin/,999
259875,https://www.linkedin.com/in/haysbrian,999
260787,https://www.linkedin.com/in/emilkeriksen/,999
261447,https://www.linkedin.com/in/nickstefan/,999
260836,https://www.linkedin.com/in/jonathanbbaker,999
261223,https://www.linkedin.com/in/yelfathi/,999
261454,https://www.linkedin.com/in/tedohayer/,999
261780,https://www.linkedin.com/in/mjmeijerman/,999
261659,https://www.linkedin.com/in/dougtmayer/,999
261786,https://www.linkedin.com/in/nielshoogenhout/,999
261860,https://www.linkedin.com/in/ruidinissilva/,999
262667,http://www.linkedin.com/in/karolsejka,999
263369,http://www.linkedin.com/in/christophegabard,999
262910,https://www.linkedin.com/in/kylecolantonio/,999
262744,https://www.linkedin.com/in/aureliennicolas/,999
263043,https://www.linkedin.com/in/ewan-roycroft/,999
263053,https://www.linkedin.com/in/joe-webber-18254b16/,999
263102,https://www.linkedin.com/in/josh-freeman-87a3a010/,999
274374,https://www.linkedin.com/in/raulteodoro/,999
277623,http://br.linkedin.com/in/eduardolomb,999
275619,http://www.linkedin.com/in/allexmacedo,999
316712,https://www.linkedin.com/in/jeremyvictor,999
292655,https://www.linkedin.com/in/felixkramer,999
293003,https://www.linkedin.com/in/tobiaslutke,999
294859,http://www.linkedin.com/in/chrisaperry/,999
301487,http://www.linkedin.com/in/derekflanzraich/,999
303026,https://www.linkedin.com/in/jim-giles-4261151/,999
315434,https://www.linkedin.com/in/jasonhpeterson/,999
309614,https://ar.linkedin.com/in/manuelrazzari,999
310761,https://br.linkedin.com/in/markhillary,999
311542,https://www.linkedin.com/company/atherton-research,999
338229,https://www.linkedin.com/in/skechboy/,999
334593,https://www.linkedin.com/in/amandakeil/,999
335996,https://www.linkedin.com/in/itaipalti/,999
336702,https://www.linkedin.com/in/ebrownrout,999
347726,https://www.linkedin.com/in/stevepurkiss/,999
341750,http://www.linkedin.com/in/annierock,999
342768,http://www.linkedin.com/in/whatismatt/,999
339338,https://www.linkedin.com/in/lisakribs/,999
346128,https://myparkatl.com,999
350850,https://www.linkedin.com/in/youandri,999
347956,http://www.topprospect.com,999
350994,https://dbfmdb.sinaapp.com,600
350995,https://plugs.sinaapp.com,600
351005,https://www.linkedin.com/in/shershman,999
351276,https://www.linkedin.com/in/drigbye/,999
351421,https://huanggua.sinaapp.com,600
351424,https://anytophone.sinaapp.com,600
351427,https://kyounonihonngo.sinaapp.com,600
351428,https://weiguolv.sinaapp.com,600
351434,https://pm25.sinaapp.com,600
351435,https://zipaiqiang.sinaapp.com,600
351436,https://thudev.sinaapp.com,600
361240,https://www.linkedin.com/in/cagancaglar,999
354976,https://www.linkedin.com/in/edtechpr/,999
361212,https://yanbohappy.sinaapp.com,600
361363,https://www.linkedin.com/in/danleyzberg,999
361370,https://www.linkedin.com/in/jaredkleinert,999
351466,https://www.linkedin.com/in/othiagoalvarenga/,999
351482,https://www.linkedin.com/in/tylercharlesworth,999
354077,https://certicalia.com,750
366980,https://www.linkedin.com/in/tamaradull,999
363362,https://uk.linkedin.com/in/danspenceruk,999
364994,https://www.linkedin.com/in/troyschneider1,999
369964,http://www.linkedin.com/in/madhuvenkatesan,999
368597,https://www.linkedin.com/in/ramsay,999
370591,https://www.linkedin.com/in/henrikhagedorn/,999
370356,https://www.linkedin.com/in/milankorsos,999
370935,https://www.linkedin.com/in/kreddy,999
370893,https://www.linkedin.com/in/jackrdryden/,999
370945,https://www.linkedin.com/in/leonardtulipan/,999
371029,https://www.linkedin.com/in/yannbonnet,999
371310,https://www.linkedin.com/in/almoncada/,999
371329,https://www.linkedin.com/in/andreikorchagin/,999
371333,http://www.linkedin.com/in/angelaconteca,999
372431,http://www.linkedin.com/in/talkimhi,999
371887,https://www.linkedin.com/company/invenio-advisors-llc,999
371910,https://www.linkedin.com/in/jackmakesgames,999
371254,https://www.linkedin.com/in/yedincisenol,999
373242,https://www.linkedin.com/pub/michael-hwang/53/42/459,999
373542,https://www.linkedin.com/in/zgrimshaw/,999
373410,https://www.linkedin.com/in/sdrth/,999
398551,http://www.linkedin.com/in/ecrosenberg,999
374249,https://www.linkedin.com/in/amygutman/,999
377449,http://www.linkedin.com/in/baltasarsantos,999
383960,https://images.nana10.co.il,750
392821,https://au.linkedin.com/in/javadtaghia,999
393019,https://www.linkedin.com/in/porduna,999
393997,http://www.linkedin.com/in/baltasarsantos,999
396047,http://fr.linkedin.com/in/jeanmicheldavault/,999
398412,http://www.linkedin.com/in/peshir,999
393864,https://www.linkedin.com/in/ryannedolan,999
395625,https://www.linkedin.com/in/douglas-machado-silva-0862b933/,999
395681,https://www.linkedin.com/in/erik-jalajas-b057258a,999
396508,https://www.linkedin.com/in/rafaelcorrales/,999
400770,https://www.linkedin.com/in/vincentkovar/,999
400210,http://www.linkedin.com/in/alexoren,999
400006,http://www.linkedin.com/pub/melanie-williams/25/163/b05,999
400750,https://www.linkedin.com/in/joana-katter/,999
401183,https://www.linkedin.com/in/ronnieutd,999
400929,http://www.linkedin.com/in/maury-dailey-8bb8846,999
406020,https://www.linkedin.com/in/davidiramadan,999
403719,https://ww.victoriassecret.com,910
405507,https://www.linkedin.com/in/basvanraay,999
418683,http://www.linkedin.com/in/nerdpad,999
411221,https://tcx01.com,653
415247,https://www.linkedin.com/company/seevibes/,999
406509,http://www.linkedin.com/in/scottpelwell/,999
406537,https://www.linkedin.com/in/jilldahl/,999
415677,http://www.linkedin.com/company/coolchip-technologies/,999
426895,https://www.linkedin.com/in/kurtthearling,999
429490,https://www.linkedin.com/in/antoinecalloch/,999
431408,https://www.linkedin.com/company/mcn-asia/about/,999
431244,https://www.linkedin.com/in/tamcai,999
433376,http://www.credit.com/,803
431706,http://www.linkedin.com/company/brand-gathering/,999
436334,https://www.halifax-intermediaries.co.uk/,999
435772,https://uk.linkedin.com/in/dafydd,999
451222,https://www.linkedin.com/in/tayloraddison/,999
437199,https://www.linkedin.com/in/thomasscovell/,999
440005,https://www.linkedin.com/in/gduchamp/,999
449287,https://www.linkedin.com/in/wleeprofile/,999
436636,https://www.linkedin.com/in/kgoodfellow,999
437085,https://www.linkedin.com/in/rorycarlyle/,999
444819,http://www.linkedin.com/in/amarbhosale,999
444828,https://bitell.sinaapp.com,600
483670,https://www.linkedin.com/in/christianmasson/,999
457561,http://www.linkedin.com/in/mattrosenberg,999
459721,https://www.linkedin.com/in/judah-wright/,999
460584,https://www.linkedin.com/in/jacob-harrison-rose-319524170,999
473734,https://www.linkedin.com/in/tjflavell/,999
474657,https://www.linkedin.com/in/tobiaslutke,999
477544,https://www.linkedin.com/in/terikarushrogers,999
477988,https://www.linkedin.com/in/vargacsaba,999
479328,https://www.linkedin.com/in/michaelvpn/,999
482987,http://www.linkedin.com/in/suscheck,999
463594,https://www.linkedin.com/in/arteconceito/,999
469767,https://www.linkedin.com/in/jamessenior1/,999
478787,https://www.linkedin.com/in/dblums,999
486477,https://www.linkedin.com/in/futurix/,999
483652,https://www.linkedin.com/in/zelaurent/,999
485909,http://www.linkedin.com/in/maryellengordon,999
484671,http://www.linkedin.com/in/tomhuntio/,999
493471,http://www.linkedin.com/in/leinardi/,999
487311,http://www.linkedin.com/in/markstilesvistagechair,999
491576,https://www.linkedin.com/in/arnaldorabelo/br,999
493682,http://www.linkedin.com/in/derek-etnyre-1686a71b,999
493725,http://www.linkedin.com/in/sandipsubedi,999
491249,https://www.linkedin.com/in/ravitlichtenberg/,999
493634,https://www.linkedin.com/in/markrummel/,999
493552,https://www.linkedin.com/in/msebera/,999
493812,https://www.linkedin.com/in/aleccumming/,999
493813,https://ch.linkedin.com/in/albertozanatta,999
493814,http://www.linkedin.com/in/alexparansky,999
494218,https://www.linkedin.com/in/paul-grunert-999a68ab,999
494045,https://www.linkedin.com/in/jeffkarau/,999
494125,https://hammer.sinaapp.com,600
495934,https://www.linkedin.com/in/lynnmora,999
495834,http://www.linkedin.com/in/ricvilla,999
495951,https://www.linkedin.com/in/markedwardcampos/,999
499912,https://www.linkedin.com/in/samharman1,999
497854,http://www.linkedin.com/in/lucvaillancourt/,999
509184,https://lxunogodie.applinzi.com,605
500932,http://www.linkedin.com/company/strippedfinance,999
505122,https://www.linkedin.com/in/guimit/,999
505961,https://www.linkedin.com/in/vincent-chevalier/,999
509202,https://www.linkedin.com/in/assafzinger/,999
503006,https://www.linkedin.com/in/elliot-haas-2b770a17,999
503020,https://www.linkedin.com/in/joannaostafin/,999
504297,https://cz.linkedin.com/in/jakubkrcmar,999
505368,https://www.linkedin.com/in/montrealai/,999
509391,http://www.linkedin.com/in/elisevictoriasmith,999
512011,https://www.linkedin.com/in/chadeburton/,999
509683,https://www.linkedin.com/in/meldakaptan/,999
509644,http://www.linkedin.com/in/luccakazan,999
510389,https://www.linkedin.com/in/imajaypal/,999
513599,https://www.linkedin.com/in/davidprovost,999
515775,http://www.linkedin.com/in/julienchalte,999
514067,https://www.linkedin.com/in/bradwerth,999
517485,https://www.linkedin.com/in/mameeraftab/,999
522943,http://www.linkedin.com/in/BlairRichwood,999
518666,https://www.linkedin.com/in/muhammedriyas/,999
522771,http://www.linkedin.com/in/frankgerratana,999
523927,http://www.linkedin.com/in/nrparmar,999
525025,https://www.linkedin.com/in/jmlebeau/,999
528257,https://www.linkedin.com/in/embeddedsystems,999
528987,https://www.linkedin.com/in/bettinacameron,999
528847,https://www.linkedin.com/in/paulbagan/,999
528903,https://www.linkedin.com/in/shelleykeith/,999
528807,https://www.linkedin.com/in/diegorey/,999
528991,http://www.linkedin.com/in/bryanclee,999
529008,https://www.linkedin.com/in/edderpabon/,999
540384,https://www.linkedin.com/in/ejkalafarski/,999
529052,https://www.linkedin.com/in/jimsage,999
529196,https://www.linkedin.com/in/stadlerchristian/en,999
529231,https://www.linkedin.com/in/hanspenz/,999
547189,https://www.linkedin.com/in/enlightenedcapitalist,999
546117,https://www.linkedin.com/in/ravitlichtenberg/,999
541000,https://www.linkedin.com/in/bensilverman,999
542870,https://www.linkedin.com/in/nicoleporter,999
548043,https://lvyaojia.sinaapp.com,600
547431,http://www.linkedin.com/in/nickholda,999
548125,https://www.linkedin.com/in/CatRey,999
548964,https://www.linkedin.com/in/michaelvallez,999
548995,https://www.linkedin.com/in/inzinger/,999
555732,https://www.linkedin.com/in/mishaley,999
550102,http://www.linkedin.com/in/brycekirchoff,999
550654,http://www.linkedin.com/company/pantreeco/,999
551448,http://www.linkedin.com/in/andygoundry,999
549153,https://www.linkedin.com/in/jasonleonard,999
549776,https://www.linkedin.com/in/jonaspiela/,999
556214,http://www.linkedin.com/in/chrisaperry/,999
556713,https://www.linkedin.com/in/bartosz-j%C3%B3zefowski-10b6854/,999
562423,http://www.linkedin.com/in/jeffersonscottdavis/,999
560956,https://www.linkedin.com/in/johnshiple,999
564295,http://www.linkedin.com/in/javieramiranda,999
563940,http://www.linkedin.com/in/sunnykancherla/,999
563963,https://www.linkedin.com/in/mattwilliams911/,999
563731,http://www.linkedin.com/in/pamschulz,999
565073,https://www.linkedin.com/in/enlightenedcapitalist/,999
564479,https://www.linkedin.com/company/filmangels,999
575542,https://au.linkedin.com/in/naikmichel,999
573162,http://www.linkedin.com/in/andrewmpeters,999
565262,https://www.linkedin.com/in/andrearekalidisdesign/,999
572879,https://www.linkedin.com/in/bartgibby,999
573403,https://www.linkedin.com/in/jasonverdelli,999
577826,https://www.linkedin.com/in/jeremyvictor,999
577468,https://www.linkedin.com/in/sandrabeckwith,999
605234,http://www.linkedin.com/in/axiradakis,999
588295,http://www.linkedin.com/in/emilie-therouin-39436a30,999
589058,https://www.linkedin.com/in/tonychapelle/,999
589074,http://www.linkedin.com/in/savvides,999
589193,https://www.linkedin.com/in/juliengoyon/,999
593483,https://www.linkedin.com/in/billbruck/,999
589985,https://www.linkedin.com/in/pashby/,999
591550,http://www.linkedin.com/in/nickcarchedi,999
598732,http://www.linkedin.com/in/odedoncker/,999
607576,https://yunstv.sinaapp.com,600
606642,http://www.linkedin.com/in/brandonbaney,999
606796,https://www.linkedin.com/in/joe-jennings-9494a6/,999
631330,https://www.linkedin.com/in/petermeinertzhagen/,999
615670,https://bbsmtday.sinaapp.com,600
616350,https://www.linkedin.com/in/raminotojo,999
623555,http://www.linkedin.com/in/aoudi,999
614212,http://www.linkedin.com/in/isaacgraves,999
628222,https://www.linkedin.com/in/anandiramancreath/,999
635080,http://www.linkedin.com/in/charles-de-vries/,999
639787,http://www.linkedin.com/in/patrickkidda/,999
639288,http://www.linkedin.com/in/brianstraw,999
639627,https://nl.linkedin.com/in/theovanderzee,999
642423,https://www.linkedin.com/in/lorenzo-green-86161610/,999
643531,https://www.linkedin.com/in/brandongregg/,999
643196,https://www.linkedin.com/in/denoandrews,999
645145,https://www.linkedin.com/in/conradchu/,999
647242,https://www.linkedin.com/in/drneen,999
647269,http://www.linkedin.com/in/evandenbaum,999
658581,https://www.linkedin.com/in/lucagervasi/,999
656863,https://www.linkedin.com/in/zylinski/,999
652187,https://www.credit.com/adv/credit_cards/discover-it-cashbackmatch-pros-and-cons.html,803
655215,https://www.linkedin.com/in/gdietlein,999
656984,https://fr.linkedin.com/in/sascha-burkhardt-b80b5719,999
660826,http://www.linkedin.com/in/braunmincher,999
665053,https://www.linkedin.com/in/kevinsung/,999
661083,http://www.linkedin.com/in/fsevilla,999
661095,https://www.linkedin.com/in/marekfoss/,999
663203,http://www.linkedin.com/in/leopareja/,999
674105,https://www.linkedin.com/in/carterfsmith,999
686819,https://www.linkedin.com/company/18547742,999
674228,https://www.linkedin.com/in/dumars,999
686002,http://www.linkedin.com/in/danstrakal,999
714463,https://www.linkedin.com/in/bengriffithsme,999
690778,https://www.linkedin.com/in/eugenefeygin,999
700526,https://www.linkedin.com/in/kurani/,999
709687,http://www.linkedin.com/in/koljahebenstreit/,999
711320,http://www.linkedin.com/in/ryfawcett,999
719548,http://www.linkedin.com/in/holcombpaul,999
716266,https://www.linkedin.com/in/sdrth/,999
721291,https://www.linkedin.com/in/andrepreoteasa/,999
719787,https://www.linkedin.com/in/juergenweiss/,999
743355,https://www.linkedin.com/in/fusquine/,999
724861,https://weibofood.sinaapp.com,600
723603,https://www.linkedin.com/in/ftcmnc,999
784841,https://www.linkedin.com/in/dwaynekilbourne,999
744438,https://www.linkedin.com/in/cambalzer,999
753016,http://www.linkedin.com/company/cloud-cto/,999
759420,https://www.linkedin.com/in/sylvainw,999
757657,https://www.linkedin.com/in/jeroenvelthuis/nl/,999
758436,http://www.linkedin.com/in/kait-luker-820a314,999
758744,https://mx.linkedin.com/in/pronuer?trk=profile-badge-cta,999
788461,https://www.linkedin.com/in/falossi/,999
803344,http://www.linkedin.com/in/jeffcoltrain/,999
788725,http://uk.linkedin.com/in/mhafellner,999
797529,http://www.linkedin.com/in/sebastianamorim,999
788550,https://www.linkedin.com/in/johnbarlowofficial,999
791224,http://ca.linkedin.com/in/mebarnes,999
796732,http://www.linkedin.com/in/ricvilla,999
844441,https://www.linkedin.com/in/rince/,999
807847,http://www.linkedin.com/in/steve-t-hwang/,999
809282,http://www.credit.com/,803
845165,https://www.linkedin.com/in/lucasbean,999
848972,http://www.linkedin.com/in/nilsberge,999
840715,https://shop.lokshop.de,999
845294,http://www.linkedin.com/in/marcusorr,999
847003,http://www.linkedin.com/in/estherglory,999
863945,https://blogall.sinaapp.com,600
854305,http://www.linkedin.com/company/ross-aldridge-llp,999
867973,https://www.linkedin.com/in/joe-gleason-ba684611,999
866989,https://www.linkedin.com/in/matthewponsford,999
867308,http://www.linkedin.com/in/robinbarrow/,999
871146,https://www.linkedin.com/in/donyettabailey,999
868887,http://www.linkedin.com/company/logicks.com/,999
870605,http://www.linkedin.com/in/pcstokell,999
874870,http://www.linkedin.com/in/rocketsciencedesigns/,999
877610,https://www.linkedin.com/in/im-jose-campos,999
882987,https://www.linkedin.com/company/publitec-pr-sentationssysteme-&-eventservice-gmbh,999
892016,https://www.linkedin.com/in/arnaldorabelo/?locale=pt_BR,999
890692,https://www6g.senado.gov.br/appnotfound,830
903632,https://www.linkedin.com/in/mikemerrill/,999
903659,https://www.linkedin.com/in/johncole/,999
920830,https://www.linkedin.com/in/joshuanboles,999
904671,http://www.linkedin.com/in/tamsanh,999
916203,https://www.linkedin.com/in/bob-horne-556b536/,999
904008,https://www.credit.com/adv/credit_cards/discover-it-cashbackmatch-pros-and-cons.html,803
906111,https://www.linkedin.com/in/ramsay,999
912494,https://www.linkedin.com/in/josephyzhou/,999
921066,https://www.linkedin.com/in/cjforex,999
925067,https://nl.linkedin.com/in/stefanthoolen,999
921705,http://www.linkedin.com/in/robwrightmd/,999
925899,https://www6g.senado.gov.br/appnotfound,830
928759,http://www.linkedin.com/in/sharmaayush,999
1048893,https://maxwell.sinaapp.com,600
929074,https://www.linkedin.com/in/vanderwijst/,999
930428,http://www.linkedin.com/in/kelcilucier,999
1041082,https://www.linkedin.com/in/alanreynolds/,999
1049688,https://www.linkedin.com/in/michaelkratsios/,999
1062416,http://www.linkedin.com/in/johnwehr/,999
1054207,https://de.linkedin.com/in/timkraemer0,999
1054465,https://info-clipper.com,800
1061291,http://be.linkedin.com/in/svenbergiers,999
1080735,https://www.linkedin.com/in/darrenockert/,999
1069942,http://www.linkedin.com/in/salesforcedeveloper,999
1077789,http://www.linkedin.com/in/seimone?trk=nav_responsive_tab_profile,999
1077257,http://www.linkedin.com/in/frankchilinski,999
1106240,https://www.linkedin.com/in/darren-clark-464779b,999
1093890,http://www.linkedin.com/in/ktoddstorch,999
1097607,https://www.linkedin.com/in/layne-toshua-parker,999
1125259,https://www.linkedin.com/in/jaysonboushell,999
1117145,https://www.linkedin.com/in/deencreative/,999
